hz,estimators,time,device
25,3,0.00017722273765714283,local
25,4,0.0002744988282857191,local
25,5,0.0003359739114285633,local
25,10,0.0007010602380000007,local
100,3,0.00019953588660000037,local
100,4,0.0002694205184285547,local
100,5,0.00034117131185714046,local
100,10,0.0006738904125714221,local
