hz,estimators,time,device
25,3,0.03890949081428577,local
25,4,0.059462678442857304,local
25,5,0.07424258258571419,local
25,10,0.1362965625857144,local
100,3,0.042696274585714324,local
100,4,0.051811314657142914,local
100,5,0.06638631727142845,local
100,10,0.1205431235857148,local
