estimators,time[ms],device
3,3.521499065714612e-05,local
4,5.070276497142946e-05,local
5,5.984883572857598e-05,local
6,6.773809894285542e-05,local
7,8.064611365714102e-05,local
8,9.321746828571317e-05,local
9,9.899525227142801e-05,local
10,0.0001104683177142858,local
